chromosome	platform	bases	mean_filtered_depth	depth_eligible_fraction
I	illumina	230218	46.1390117193269	0.8501550704115229
I	ont	230218	1.3362074207924663	0.004760705070845894
I	ont_bq7	230218	6.988536951932516	0.4962644102546282
II	illumina	813184	46.565887917125764	0.9748470210923973
II	ont	813184	1.7507009483708484	0.010209251534708011
II	ont_bq7	813184	8.521087478356682	0.5880784668660476
III	illumina	316620	48.30254879666477	0.9503726865011686
III	ont	316620	1.7068125829069547	0.010428905312361821
III	ont_bq7	316620	8.0249542037774	0.5365011685932664
IV	illumina	1531933	43.50874744522117	0.9504723770556546
IV	ont	1531933	1.531144638832116	0.006014623354937847
IV	ont_bq7	1531933	7.574345614331698	0.5035886034180346
V	illumina	576874	46.2871961641537	0.9646109895748465
V	ont	576874	1.4690660352173959	0.00375991984384805
V	ont_bq7	576874	7.307963264074997	0.47726886633822985
VI	illumina	270161	52.62130729453918	0.9418309822661302
VI	ont	270161	1.9461654346852433	0.022816024518712917
VI	ont_bq7	270161	9.462601929960282	0.6877269480050785
VII	illumina	1090940	45.06235265000825	0.9511458008689754
VII	ont	1090940	1.4256851889196474	0.0041202999248354626
VII	ont_bq7	1090940	7.294709149907419	0.4779227088565824
VIII	illumina	562643	43.56958675394522	0.9341909523445595
VIII	ont	562643	1.3730127274310708	0.0062206407970951385
VIII	ont_bq7	562643	7.189704661748213	0.41490963186247765
IX	illumina	439888	45.634720656167026	0.9316871567308042
IX	ont	439888	1.53451560397192	0.0074655366820645256
IX	ont_bq7	439888	7.545291074091587	0.5002978030771469
X	illumina	745751	45.94351063558748	0.9347664300818906
X	ont	745751	1.6955686281345919	0.00801205764390527
X	ont_bq7	745751	8.103380350814145	0.5883974677875055
XI	illumina	666816	48.05881232603897	0.993846878299261
XI	ont	666816	1.6267261133506095	0.007273370764948652
XI	ont_bq7	666816	8.133759537863519	0.5610453258470103
XII	illumina	1078177	47.50086395832966	0.9181711351661184
XII	ont	1078177	2.966314436312405	0.019091484978811458
XII	ont_bq7	1078177	13.54239702757525	0.5115588627841254
XIII	illumina	924431	45.633845035486694	0.9631081173175715
XIII	ont	924431	1.6499457504129567	0.009518287465478765
XIII	ont_bq7	924431	8.2599133953751	0.5676410678568763
XIV	illumina	784333	46.819203068084605	0.9682864293609984
XIV	ont	784333	1.6652710009651512	0.010667662842185652
XIV	ont_bq7	784333	8.505648748682	0.5803491629193213
XV	illumina	1091291	44.466910292488436	0.9398336465708963
XV	ont	1091291	1.6724118498182428	0.008699787682662094
XV	ont_bq7	1091291	7.983248281164236	0.5595730194787641
XVI	illumina	948066	46.7743543171045	0.9490436319834273
XVI	ont	948066	1.6677952800754379	0.012234380306856274
XVI	ont_bq7	948066	8.373565764408808	0.5638426016754108
Mito	illumina	85779	816.8495552524511	0.023222467037386774
Mito	ont	85779	0.9130789587195001	0.019678476083889996
Mito	ont_bq7	85779	18.02111239347626	0.7702584548665757
