run_accession	sample_accession	sample_alias	scientific_name	instrument_platform	instrument_model	library_layout	library_strategy	fastq_ftp	fastq_md5	fastq_bytes
ERR1527927	SAMEA3894921	sample_BCM_4932_YJS1315,YJM454_1b	Saccharomyces cerevisiae	ILLUMINA	Illumina HiSeq 2000	PAIRED	WGS	ftp.sra.ebi.ac.uk/vol1/fastq/ERR152/007/ERR1527927/ERR1527927_1.fastq.gz;ftp.sra.ebi.ac.uk/vol1/fastq/ERR152/007/ERR1527927/ERR1527927_2.fastq.gz	0a3574c08f1335b47afa35be520affb6;7de3d4f9f91ea5eb2a94614fcc647558	2499399451;2490458821
ERR1527928	SAMEA4075239	sample_BCM_4932_YJS4	Saccharomyces cerevisiae	ILLUMINA	Illumina HiSeq 2000	PAIRED	WGS	ftp.sra.ebi.ac.uk/vol1/fastq/ERR152/008/ERR1527928/ERR1527928_1.fastq.gz;ftp.sra.ebi.ac.uk/vol1/fastq/ERR152/008/ERR1527928/ERR1527928_2.fastq.gz	7d734dcdbfe3108214f8f3128b081d8f;48db4df4b529543e9f4fc3ac8d532698	1419376803;1455195952
ERR1527937	SAMEA3895269	sample_BCM_4932_OS_899	Saccharomyces cerevisiae	ILLUMINA	Illumina HiSeq 2000	PAIRED	WGS	ftp.sra.ebi.ac.uk/vol1/fastq/ERR152/007/ERR1527937/ERR1527937_1.fastq.gz;ftp.sra.ebi.ac.uk/vol1/fastq/ERR152/007/ERR1527937/ERR1527937_2.fastq.gz	a1f48084e654a5263f091aff37dd83f9;6c2749ea8e86413f646263146c6c5d14	2208457853;2212368822
ERR1527938	SAMEA3894961	sample_BCM_4932_YJS1357,CLIB324_2	Saccharomyces cerevisiae	ILLUMINA	Illumina HiSeq 2000	PAIRED	WGS	ftp.sra.ebi.ac.uk/vol1/fastq/ERR152/008/ERR1527938/ERR1527938_1.fastq.gz;ftp.sra.ebi.ac.uk/vol1/fastq/ERR152/008/ERR1527938/ERR1527938_2.fastq.gz	1c98fc3239ddcaca12c4a0ccf41a91f2;8cba4084c4d28dedc4b39a6df8b41e88	1486679617;1489406509
ERR1527940	SAMEA3894964	sample_BCM_4932_YJS1360,K12_2	Saccharomyces cerevisiae	ILLUMINA	Illumina HiSeq 2000	PAIRED	WGS	ftp.sra.ebi.ac.uk/vol1/fastq/ERR152/000/ERR1527940/ERR1527940_1.fastq.gz;ftp.sra.ebi.ac.uk/vol1/fastq/ERR152/000/ERR1527940/ERR1527940_2.fastq.gz	99c1732d4e2c4a2b7eb7ba1d9f62f931;e7ac5343ecc9a54f8c5a77ab143ec6e4	1731916515;1747436978
ERR1527941	SAMEA3895634	sample_BCM_4932_YJS4803,6.2WLP570	Saccharomyces cerevisiae	ILLUMINA	Illumina HiSeq 2000	PAIRED	WGS	ftp.sra.ebi.ac.uk/vol1/fastq/ERR152/001/ERR1527941/ERR1527941_1.fastq.gz;ftp.sra.ebi.ac.uk/vol1/fastq/ERR152/001/ERR1527941/ERR1527941_2.fastq.gz	a2879a62488c325f5dcc16f738af9799;4111043f42a096b2ec1db58faf39c750	2371636979;2345472690
ERR1539003	SAMEA3894921	sample_BCM_4932_YJS1315,YJM454_1b	Saccharomyces cerevisiae	OXFORD_NANOPORE	MinION	SINGLE	WGS	ftp.sra.ebi.ac.uk/vol1/fastq/ERR153/003/ERR1539003/ERR1539003.fastq.gz	47cb46dbe3be9c7014fc04cdddfa309e	277591663
ERR1539006	SAMEA3894961	sample_BCM_4932_YJS1357,CLIB324_2	Saccharomyces cerevisiae	OXFORD_NANOPORE	MinION	SINGLE	WGS	ftp.sra.ebi.ac.uk/vol1/fastq/ERR153/006/ERR1539006/ERR1539006.fastq.gz	d878bb9abd7398e58b7605aeed36936a	114626800
ERR1539008	SAMEA3894961	sample_BCM_4932_YJS1357,CLIB324_2	Saccharomyces cerevisiae	OXFORD_NANOPORE	MinION	SINGLE	WGS	ftp.sra.ebi.ac.uk/vol1/fastq/ERR153/008/ERR1539008/ERR1539008.fastq.gz	048c2ab52bb90e249ae3ee35f98dfd80	115839761
ERR1539013	SAMEA3894966	sample_BCM_4932_YJS1362,T73_1b	Saccharomyces cerevisiae	OXFORD_NANOPORE	MinION	SINGLE	WGS	ftp.sra.ebi.ac.uk/vol1/fastq/ERR153/003/ERR1539013/ERR1539013.fastq.gz	7de0702e16ec88e3c5c71a63b153b671	2276954
ERR1539014	SAMEA3894966	sample_BCM_4932_YJS1362,T73_1b	Saccharomyces cerevisiae	OXFORD_NANOPORE	MinION	SINGLE	WGS	ftp.sra.ebi.ac.uk/vol1/fastq/ERR153/004/ERR1539014/ERR1539014.fastq.gz	508ba1d2ad7a555057d9d7b6f589fc3d	7870238
ERR1539023	SAMEA3895186	sample_BCM_4932_YJS555,CLIB630	Saccharomyces cerevisiae	OXFORD_NANOPORE	MinION	SINGLE	WGS	ftp.sra.ebi.ac.uk/vol1/fastq/ERR153/003/ERR1539023/ERR1539023.fastq.gz	b245f6891d5ca54aad607767dcfe8c64	708222545
ERR1539030	SAMEA3895231	sample_BCM_4932_OS_558	Saccharomyces cerevisiae	OXFORD_NANOPORE	MinION	SINGLE	WGS	ftp.sra.ebi.ac.uk/vol1/fastq/ERR153/000/ERR1539030/ERR1539030.fastq.gz	f0516dd749da8e703652940809a640e3	226467781
ERR1539031	SAMEA3895231	sample_BCM_4932_OS_558	Saccharomyces cerevisiae	OXFORD_NANOPORE	MinION	SINGLE	WGS	ftp.sra.ebi.ac.uk/vol1/fastq/ERR153/001/ERR1539031/ERR1539031.fastq.gz	cfa0a9e1a8d704ad5b8574b9589f34d7	171640762
ERR1539034	SAMEA3895231	sample_BCM_4932_OS_558	Saccharomyces cerevisiae	OXFORD_NANOPORE	MinION	SINGLE	WGS	ftp.sra.ebi.ac.uk/vol1/fastq/ERR153/004/ERR1539034/ERR1539034.fastq.gz	14105c8b895c4817cb8b40d8757f7b78	8530651
ERR1539036	SAMEA3895231	sample_BCM_4932_OS_558	Saccharomyces cerevisiae	OXFORD_NANOPORE	MinION	SINGLE	WGS	ftp.sra.ebi.ac.uk/vol1/fastq/ERR153/006/ERR1539036/ERR1539036.fastq.gz	50d5750d42e674176452cf2cd938739d	155860747
ERR1539038	SAMEA3895231	sample_BCM_4932_OS_558	Saccharomyces cerevisiae	OXFORD_NANOPORE	MinION	SINGLE	WGS	ftp.sra.ebi.ac.uk/vol1/fastq/ERR153/008/ERR1539038/ERR1539038.fastq.gz	154c0fa16805e3167c281bddc800c607	351469147
ERR1539044	SAMEA3895269	sample_BCM_4932_OS_899	Saccharomyces cerevisiae	OXFORD_NANOPORE	MinION	SINGLE	WGS	ftp.sra.ebi.ac.uk/vol1/fastq/ERR153/004/ERR1539044/ERR1539044.fastq.gz	e039ee89c4a7b636a005f79b34f6e0ae	808106616
ERR1539057	SAMEA3895629	sample_BCM_4932_YJS4747,Dji2-2Aa	Saccharomyces cerevisiae	OXFORD_NANOPORE	MinION	SINGLE	WGS	ftp.sra.ebi.ac.uk/vol1/fastq/ERR153/007/ERR1539057/ERR1539057.fastq.gz	7743dd54ed60c3a303b6be5a5b6002a3	42573914
ERR1539058	SAMEA3895629	sample_BCM_4932_YJS4747,Dji2-2Aa	Saccharomyces cerevisiae	OXFORD_NANOPORE	MinION	SINGLE	WGS	ftp.sra.ebi.ac.uk/vol1/fastq/ERR153/008/ERR1539058/ERR1539058.fastq.gz	b079d2d4dbd1190c4bf4d99b7eb3fa61	48866650
ERR1539060	SAMEA3895629	sample_BCM_4932_YJS4747,Dji2-2Aa	Saccharomyces cerevisiae	OXFORD_NANOPORE	MinION	SINGLE	WGS	ftp.sra.ebi.ac.uk/vol1/fastq/ERR153/000/ERR1539060/ERR1539060.fastq.gz	5e52c26f658086038aac338174eb7c07	190989194
ERR1539068	SAMEA3895767	sample_BCM_4932_OS_657	Saccharomyces cerevisiae	OXFORD_NANOPORE	MinION	SINGLE	WGS	ftp.sra.ebi.ac.uk/vol1/fastq/ERR153/008/ERR1539068/ERR1539068.fastq.gz	2eefb00e6e7649b2585566866fe62a77	1485708572
ERR1539070	SAMEA4075239	sample_BCM_4932_YJS4	Saccharomyces cerevisiae	OXFORD_NANOPORE	MinION	SINGLE	WGS	ftp.sra.ebi.ac.uk/vol1/fastq/ERR153/000/ERR1539070/ERR1539070.fastq.gz	8bcb6c6ba33e7f7108d64fac76d88f23	217353370
ERR1539071	SAMEA4075239	sample_BCM_4932_YJS4	Saccharomyces cerevisiae	OXFORD_NANOPORE	MinION	SINGLE	WGS	ftp.sra.ebi.ac.uk/vol1/fastq/ERR153/001/ERR1539071/ERR1539071.fastq.gz	488400b22400fa593f6236d1794fd9fc	655667938
ERR1539072	SAMEA4075239	sample_BCM_4932_YJS4	Saccharomyces cerevisiae	OXFORD_NANOPORE	MinION	SINGLE	WGS	ftp.sra.ebi.ac.uk/vol1/fastq/ERR153/002/ERR1539072/ERR1539072.fastq.gz	fe341b8e259896ef9e2a60a11843001d	56913425
ERR1539075	SAMEA4075239	sample_BCM_4932_YJS4	Saccharomyces cerevisiae	OXFORD_NANOPORE	MinION	SINGLE	WGS	ftp.sra.ebi.ac.uk/vol1/fastq/ERR153/005/ERR1539075/ERR1539075.fastq.gz	0469c16dddfba925cdc17fdffff8b9df	830835708
ERR1539079	SAMEA4075239	sample_BCM_4932_YJS4	Saccharomyces cerevisiae	OXFORD_NANOPORE	MinION	SINGLE	WGS	ftp.sra.ebi.ac.uk/vol1/fastq/ERR153/009/ERR1539079/ERR1539079.fastq.gz	dc10a77283e56ed1ff68da3f18cec20f	449673302
ERR1539080	SAMEA4075239	sample_BCM_4932_YJS4	Saccharomyces cerevisiae	OXFORD_NANOPORE	MinION	SINGLE	WGS	ftp.sra.ebi.ac.uk/vol1/fastq/ERR153/000/ERR1539080/ERR1539080.fastq.gz	db8c592b53179e44d4f4a343fb937cee	428165134
ERR1539081	SAMEA4075239	sample_BCM_4932_YJS4	Saccharomyces cerevisiae	OXFORD_NANOPORE	MinION	SINGLE	WGS	ftp.sra.ebi.ac.uk/vol1/fastq/ERR153/001/ERR1539081/ERR1539081.fastq.gz	ac2ed08ca9ca0c072e11a8fdc7522fbc	307370670
ERR1539083	SAMEA4075239	sample_BCM_4932_YJS4	Saccharomyces cerevisiae	OXFORD_NANOPORE	MinION	SINGLE	WGS	ftp.sra.ebi.ac.uk/vol1/fastq/ERR153/003/ERR1539083/ERR1539083.fastq.gz	d11d7d06223c9123f13c368c25aa50d4	308986686
ERR1527929	SAMEA3895356	sample_BCM_4932_OS_1152	Saccharomyces cerevisiae	ILLUMINA	Illumina HiSeq 2000	PAIRED	WGS	ftp.sra.ebi.ac.uk/vol1/fastq/ERR152/009/ERR1527929/ERR1527929_1.fastq.gz;ftp.sra.ebi.ac.uk/vol1/fastq/ERR152/009/ERR1527929/ERR1527929_2.fastq.gz	c29dd079d34e3680a60e096927f79440;89baa69252286e2e22f72a9dbf26c3ed	2356678718;2352577474
ERR1527930	SAMEA3894966	sample_BCM_4932_YJS1362,T73_1b	Saccharomyces cerevisiae	ILLUMINA	Illumina HiSeq 2000	PAIRED	WGS	ftp.sra.ebi.ac.uk/vol1/fastq/ERR152/000/ERR1527930/ERR1527930_1.fastq.gz;ftp.sra.ebi.ac.uk/vol1/fastq/ERR152/000/ERR1527930/ERR1527930_2.fastq.gz	ddfca4e28291e6fb811a8fb1d45962b7;652f920e1faac0e48b01b4478cf0af69	1731987737;1739017679
ERR1527933	SAMEA3895683	sample_BCM_4932_YJS5845,P11	Saccharomyces cerevisiae	ILLUMINA	Illumina HiSeq 2000	PAIRED	WGS	ftp.sra.ebi.ac.uk/vol1/fastq/ERR152/003/ERR1527933/ERR1527933_1.fastq.gz;ftp.sra.ebi.ac.uk/vol1/fastq/ERR152/003/ERR1527933/ERR1527933_2.fastq.gz	8ace490a6e62fa100860f6e71648c2cd;c1d5df580d6e3657c22ed9562625748b	1437643618;1461539778
ERR1527934	SAMEA3894974	sample_BCM_4932_YJS3300,CBS7962	Saccharomyces cerevisiae	ILLUMINA	Illumina HiSeq 2000	PAIRED	WGS	ftp.sra.ebi.ac.uk/vol1/fastq/ERR152/004/ERR1527934/ERR1527934_1.fastq.gz;ftp.sra.ebi.ac.uk/vol1/fastq/ERR152/004/ERR1527934/ERR1527934_2.fastq.gz	6c12df99e88a9825218feb7086f3ebb1;cb39a5529d543b3a7eff24cc0dd417c4	1997959944;2017159816
ERR1527939	SAMEA3895618	sample_BCM_4932_YJS4736,GE14S01-7B	Saccharomyces cerevisiae	ILLUMINA	Illumina HiSeq 2000	PAIRED	WGS	ftp.sra.ebi.ac.uk/vol1/fastq/ERR152/009/ERR1527939/ERR1527939_1.fastq.gz;ftp.sra.ebi.ac.uk/vol1/fastq/ERR152/009/ERR1527939/ERR1527939_2.fastq.gz	12b72071cea0cbf2f298c5c93ba8f418;8913003c28fa65fd0c6b5f75092c325c	1450242706;1481601620
ERR1539004	SAMEA3894961	sample_BCM_4932_YJS1357,CLIB324_2	Saccharomyces cerevisiae	OXFORD_NANOPORE	MinION	SINGLE	WGS	ftp.sra.ebi.ac.uk/vol1/fastq/ERR153/004/ERR1539004/ERR1539004.fastq.gz	3da3d3790b687748c4b9dd48345ff4d3	785453348
ERR1539005	SAMEA3894961	sample_BCM_4932_YJS1357,CLIB324_2	Saccharomyces cerevisiae	OXFORD_NANOPORE	MinION	SINGLE	WGS	ftp.sra.ebi.ac.uk/vol1/fastq/ERR153/005/ERR1539005/ERR1539005.fastq.gz	03f82a39c00bdf2b097aaf1bab307353	296153332
ERR1539012	SAMEA3894966	sample_BCM_4932_YJS1362,T73_1b	Saccharomyces cerevisiae	OXFORD_NANOPORE	MinION	SINGLE	WGS	ftp.sra.ebi.ac.uk/vol1/fastq/ERR153/002/ERR1539012/ERR1539012.fastq.gz	b1f2cbc4585970eeb663ab150b5d8aeb	2114390
ERR1539016	SAMEA3894974	sample_BCM_4932_YJS3300,CBS7962	Saccharomyces cerevisiae	OXFORD_NANOPORE	MinION	SINGLE	WGS	ftp.sra.ebi.ac.uk/vol1/fastq/ERR153/006/ERR1539016/ERR1539016.fastq.gz	0c746556e232585d735f54c4c80d49df	1373364725
ERR1539017	SAMEA3895070	sample_BCM_4932_OS_593	Saccharomyces cerevisiae	OXFORD_NANOPORE	MinION	SINGLE	WGS	ftp.sra.ebi.ac.uk/vol1/fastq/ERR153/007/ERR1539017/ERR1539017.fastq.gz	41772b0ca9f20970198dad37b1a43a84	1063862731
ERR1539018	SAMEA3895112	sample_BCM_4932_OS_107	Saccharomyces cerevisiae	OXFORD_NANOPORE	MinION	SINGLE	WGS	ftp.sra.ebi.ac.uk/vol1/fastq/ERR153/008/ERR1539018/ERR1539018.fastq.gz	f69d318aac4bbdea5fcfbfbaa0ee9bb3	901939975
ERR1539021	SAMEA3895112	sample_BCM_4932_OS_107	Saccharomyces cerevisiae	OXFORD_NANOPORE	MinION	SINGLE	WGS	ftp.sra.ebi.ac.uk/vol1/fastq/ERR153/001/ERR1539021/ERR1539021.fastq.gz	f41216d27808bc161edf9f699d98479d	468061396
ERR1539035	SAMEA3895231	sample_BCM_4932_OS_558	Saccharomyces cerevisiae	OXFORD_NANOPORE	MinION	SINGLE	WGS	ftp.sra.ebi.ac.uk/vol1/fastq/ERR153/005/ERR1539035/ERR1539035.fastq.gz	b629ea126a871957be45ca9d0656109b	93821767
ERR1539040	SAMEA3895231	sample_BCM_4932_OS_558	Saccharomyces cerevisiae	OXFORD_NANOPORE	MinION	SINGLE	WGS	ftp.sra.ebi.ac.uk/vol1/fastq/ERR153/000/ERR1539040/ERR1539040.fastq.gz	852abb3f826cebd58555814cb812e73a	326047353
ERR1539041	SAMEA3895231	sample_BCM_4932_OS_558	Saccharomyces cerevisiae	OXFORD_NANOPORE	MinION	SINGLE	WGS	ftp.sra.ebi.ac.uk/vol1/fastq/ERR153/001/ERR1539041/ERR1539041.fastq.gz	231c29574af3d96ba3e50650823d761f	199800498
ERR1539045	SAMEA3895269	sample_BCM_4932_OS_899	Saccharomyces cerevisiae	OXFORD_NANOPORE	MinION	SINGLE	WGS	ftp.sra.ebi.ac.uk/vol1/fastq/ERR153/005/ERR1539045/ERR1539045.fastq.gz	3b37ba4e04a583584dace59c1aaa185d	575294392
ERR1539050	SAMEA3895356	sample_BCM_4932_OS_1152	Saccharomyces cerevisiae	OXFORD_NANOPORE	MinION	SINGLE	WGS	ftp.sra.ebi.ac.uk/vol1/fastq/ERR153/000/ERR1539050/ERR1539050.fastq.gz	7c00a3cbdfc470bc372610438ff3ff59	844392510
ERR1539059	SAMEA3895629	sample_BCM_4932_YJS4747,Dji2-2Aa	Saccharomyces cerevisiae	OXFORD_NANOPORE	MinION	SINGLE	WGS	ftp.sra.ebi.ac.uk/vol1/fastq/ERR153/009/ERR1539059/ERR1539059.fastq.gz	683b157308453546c87e7a006436fdb0	106793418
ERR1539062	SAMEA3895634	sample_BCM_4932_YJS4803,6.2WLP570	Saccharomyces cerevisiae	OXFORD_NANOPORE	MinION	SINGLE	WGS	ftp.sra.ebi.ac.uk/vol1/fastq/ERR153/002/ERR1539062/ERR1539062.fastq.gz	bd8f3515032284dee836f38f9a0b42b1	681670071
ERR1539065	SAMEA3895683	sample_BCM_4932_YJS5845,P11	Saccharomyces cerevisiae	OXFORD_NANOPORE	MinION	SINGLE	WGS	ftp.sra.ebi.ac.uk/vol1/fastq/ERR153/005/ERR1539065/ERR1539065.fastq.gz	5517549e861738c3db6b4ef540d27892	2337341
ERR1539067	SAMEA3895683	sample_BCM_4932_YJS5845,P11	Saccharomyces cerevisiae	OXFORD_NANOPORE	MinION	SINGLE	WGS	ftp.sra.ebi.ac.uk/vol1/fastq/ERR153/007/ERR1539067/ERR1539067.fastq.gz	b051fd619e2e848c6976c70002b34627	180072797
ERR1539073	SAMEA4075239	sample_BCM_4932_YJS4	Saccharomyces cerevisiae	OXFORD_NANOPORE	MinION	SINGLE	WGS	ftp.sra.ebi.ac.uk/vol1/fastq/ERR153/003/ERR1539073/ERR1539073.fastq.gz	2c027c57275877df01f21e83735046e3	192538917
ERR1308816	SAMEA3895231	sample_BCM_4932_OS_558	Saccharomyces cerevisiae	ILLUMINA	Illumina HiSeq 2000	PAIRED	WGS	ftp.sra.ebi.ac.uk/vol1/fastq/ERR130/006/ERR1308816/ERR1308816_1.fastq.gz;ftp.sra.ebi.ac.uk/vol1/fastq/ERR130/006/ERR1308816/ERR1308816_2.fastq.gz	41c9906da1af8e451ffacc504d6a68c7;eca698364401cf45591df3d88ef2a361	1175332248;1194501536
ERR1527946	SAMEA3895186	sample_BCM_4932_YJS555,CLIB630	Saccharomyces cerevisiae	ILLUMINA	Illumina HiSeq 2000	PAIRED	WGS	ftp.sra.ebi.ac.uk/vol1/fastq/ERR152/006/ERR1527946/ERR1527946_1.fastq.gz;ftp.sra.ebi.ac.uk/vol1/fastq/ERR152/006/ERR1527946/ERR1527946_2.fastq.gz	25a284d1f7c1cc3e596254aaf425962a;102b90f1454b1805156a80ff726920bb	2863929977;2838621542
ERR1539007	SAMEA3894961	sample_BCM_4932_YJS1357,CLIB324_2	Saccharomyces cerevisiae	OXFORD_NANOPORE	MinION	SINGLE	WGS	ftp.sra.ebi.ac.uk/vol1/fastq/ERR153/007/ERR1539007/ERR1539007.fastq.gz	c7e752f0d81c0e9be4efb693a4bbb3f1	3459825
ERR1539009	SAMEA3894964	sample_BCM_4932_YJS1360,K12_2	Saccharomyces cerevisiae	OXFORD_NANOPORE	MinION	SINGLE	WGS	ftp.sra.ebi.ac.uk/vol1/fastq/ERR153/009/ERR1539009/ERR1539009.fastq.gz	8e9731989f5184c9f194b148b4a82bd3	654239479
ERR1539010	SAMEA3894964	sample_BCM_4932_YJS1360,K12_2	Saccharomyces cerevisiae	OXFORD_NANOPORE	MinION	SINGLE	WGS	ftp.sra.ebi.ac.uk/vol1/fastq/ERR153/000/ERR1539010/ERR1539010.fastq.gz	b6f43459bc2d16081665a3085a4ce451	480305708
ERR1539011	SAMEA3894966	sample_BCM_4932_YJS1362,T73_1b	Saccharomyces cerevisiae	OXFORD_NANOPORE	MinION	SINGLE	WGS	ftp.sra.ebi.ac.uk/vol1/fastq/ERR153/001/ERR1539011/ERR1539011.fastq.gz	37ff45658e78bf2d6bdc48241a6dad04	934191821
ERR1539019	SAMEA3895112	sample_BCM_4932_OS_107	Saccharomyces cerevisiae	OXFORD_NANOPORE	MinION	SINGLE	WGS	ftp.sra.ebi.ac.uk/vol1/fastq/ERR153/009/ERR1539019/ERR1539019.fastq.gz	6ac2111c9c110ec714984fd0b9b4dfac	37213202
ERR1539020	SAMEA3895112	sample_BCM_4932_OS_107	Saccharomyces cerevisiae	OXFORD_NANOPORE	MinION	SINGLE	WGS	ftp.sra.ebi.ac.uk/vol1/fastq/ERR153/000/ERR1539020/ERR1539020.fastq.gz	785219270af3b167a4b75df09c2479a8	173799056
ERR1539022	SAMEA3895112	sample_BCM_4932_OS_107	Saccharomyces cerevisiae	OXFORD_NANOPORE	MinION	SINGLE	WGS	ftp.sra.ebi.ac.uk/vol1/fastq/ERR153/002/ERR1539022/ERR1539022.fastq.gz	89e2d0d91528a8ed7609fbca20654c5b	32843660
ERR1539032	SAMEA3895231	sample_BCM_4932_OS_558	Saccharomyces cerevisiae	OXFORD_NANOPORE	MinION	SINGLE	WGS	ftp.sra.ebi.ac.uk/vol1/fastq/ERR153/002/ERR1539032/ERR1539032.fastq.gz	66d3ef9035ca8a8a2616e7ec82df6e8e	176609289
ERR1539037	SAMEA3895231	sample_BCM_4932_OS_558	Saccharomyces cerevisiae	OXFORD_NANOPORE	MinION	SINGLE	WGS	ftp.sra.ebi.ac.uk/vol1/fastq/ERR153/007/ERR1539037/ERR1539037.fastq.gz	6d0d6f5be3a2f3fc1bf7c7604034045c	209076208
ERR1539039	SAMEA3895231	sample_BCM_4932_OS_558	Saccharomyces cerevisiae	OXFORD_NANOPORE	MinION	SINGLE	WGS	ftp.sra.ebi.ac.uk/vol1/fastq/ERR153/009/ERR1539039/ERR1539039.fastq.gz	24907ca9e2d3372b3a7ee001b4998cf7	353095816
ERR1539046	SAMEA3895269	sample_BCM_4932_OS_899	Saccharomyces cerevisiae	OXFORD_NANOPORE	MinION	SINGLE	WGS	ftp.sra.ebi.ac.uk/vol1/fastq/ERR153/006/ERR1539046/ERR1539046.fastq.gz	876b6fec385e2623a6184838651b88c4	141028003
ERR1539049	SAMEA3895356	sample_BCM_4932_OS_1152	Saccharomyces cerevisiae	OXFORD_NANOPORE	MinION	SINGLE	WGS	ftp.sra.ebi.ac.uk/vol1/fastq/ERR153/009/ERR1539049/ERR1539049.fastq.gz	857493edde63c18824640785c3eba0a0	767779487
ERR1539051	SAMEA3895572	sample_BCM_4932_OS_1464	Saccharomyces cerevisiae	OXFORD_NANOPORE	MinION	SINGLE	WGS	ftp.sra.ebi.ac.uk/vol1/fastq/ERR153/001/ERR1539051/ERR1539051.fastq.gz	c0e14828d8d3cc0db6ab9e5433ec0a86	223843667
ERR1539052	SAMEA3895572	sample_BCM_4932_OS_1464	Saccharomyces cerevisiae	OXFORD_NANOPORE	MinION	SINGLE	WGS	ftp.sra.ebi.ac.uk/vol1/fastq/ERR153/002/ERR1539052/ERR1539052.fastq.gz	eefaebc24a90e5f20a52518914785658	400414173
ERR1539061	SAMEA3895629	sample_BCM_4932_YJS4747,Dji2-2Aa	Saccharomyces cerevisiae	OXFORD_NANOPORE	MinION	SINGLE	WGS	ftp.sra.ebi.ac.uk/vol1/fastq/ERR153/001/ERR1539061/ERR1539061.fastq.gz	231dc4c5fe8d5ec3e87437baf14c38d3	552955310
ERR1539063	SAMEA3895683	sample_BCM_4932_YJS5845,P11	Saccharomyces cerevisiae	OXFORD_NANOPORE	MinION	SINGLE	WGS	ftp.sra.ebi.ac.uk/vol1/fastq/ERR153/003/ERR1539063/ERR1539063.fastq.gz	388a9dbe632e160fd9b3d67378fce7d0	75190927
ERR1539066	SAMEA3895683	sample_BCM_4932_YJS5845,P11	Saccharomyces cerevisiae	OXFORD_NANOPORE	MinION	SINGLE	WGS	ftp.sra.ebi.ac.uk/vol1/fastq/ERR153/006/ERR1539066/ERR1539066.fastq.gz	ff232687da5e17e158013243ba7f8b6b	242417414
ERR1539069	SAMEA4075239	sample_BCM_4932_YJS4	Saccharomyces cerevisiae	OXFORD_NANOPORE	MinION	SINGLE	WGS	ftp.sra.ebi.ac.uk/vol1/fastq/ERR153/009/ERR1539069/ERR1539069.fastq.gz	9cace396dfcefe7dccdeec96209ccdc6	204471150
ERR1539082	SAMEA4075239	sample_BCM_4932_YJS4	Saccharomyces cerevisiae	OXFORD_NANOPORE	MinION	SINGLE	WGS	ftp.sra.ebi.ac.uk/vol1/fastq/ERR153/002/ERR1539082/ERR1539082.fastq.gz	71ab437140f996cdea2d87fe6a415f7b	56563013
ERR1539084	SAMEA4075239	sample_BCM_4932_YJS4	Saccharomyces cerevisiae	OXFORD_NANOPORE	MinION	SINGLE	WGS	ftp.sra.ebi.ac.uk/vol1/fastq/ERR153/004/ERR1539084/ERR1539084.fastq.gz	e8bfa54aad35ed43339cba97fadfc47b	1547501946
ERR1527931	SAMEA3895112	sample_BCM_4932_OS_107	Saccharomyces cerevisiae	ILLUMINA	Illumina HiSeq 2000	PAIRED	WGS	ftp.sra.ebi.ac.uk/vol1/fastq/ERR152/001/ERR1527931/ERR1527931_1.fastq.gz;ftp.sra.ebi.ac.uk/vol1/fastq/ERR152/001/ERR1527931/ERR1527931_2.fastq.gz	a26326b15022e1567f4f5031a6a1f095;6e9d0a13a06b22404be94f98b116c716	2328001012;2320700117
ERR1527932	SAMEA3895230	sample_BCM_4932_OS_555	Saccharomyces cerevisiae	ILLUMINA	Illumina HiSeq 2000	PAIRED	WGS	ftp.sra.ebi.ac.uk/vol1/fastq/ERR152/002/ERR1527932/ERR1527932_1.fastq.gz;ftp.sra.ebi.ac.uk/vol1/fastq/ERR152/002/ERR1527932/ERR1527932_2.fastq.gz	ecf3c27d524e5f80b8d26e89a9ba4179;e4fa3499cdd11f9d6c31dff47a9269d9	2343811150;2327874630
ERR1527936	SAMEA3895629	sample_BCM_4932_YJS4747,Dji2-2Aa	Saccharomyces cerevisiae	ILLUMINA	Illumina HiSeq 2000	PAIRED	WGS	ftp.sra.ebi.ac.uk/vol1/fastq/ERR152/006/ERR1527936/ERR1527936_1.fastq.gz;ftp.sra.ebi.ac.uk/vol1/fastq/ERR152/006/ERR1527936/ERR1527936_2.fastq.gz	922910e675ee38169bbf419951888df4;41710177c6a8f32d0ac179cc9e7bb2e6	1959713862;1945356342
ERR1527943	SAMEA3895767	sample_BCM_4932_OS_657	Saccharomyces cerevisiae	ILLUMINA	Illumina HiSeq 2000	PAIRED	WGS	ftp.sra.ebi.ac.uk/vol1/fastq/ERR152/003/ERR1527943/ERR1527943_1.fastq.gz;ftp.sra.ebi.ac.uk/vol1/fastq/ERR152/003/ERR1527943/ERR1527943_2.fastq.gz	af083a118ce3dea6746523f96bd53be6;d9d551d439633616081e4a0ce0a5a74e	2730567976;2720653353
ERR1539001	SAMEA3894921	sample_BCM_4932_YJS1315,YJM454_1b	Saccharomyces cerevisiae	OXFORD_NANOPORE	MinION	SINGLE	WGS	ftp.sra.ebi.ac.uk/vol1/fastq/ERR153/001/ERR1539001/ERR1539001.fastq.gz	f381800453897636eff294fce16d149a	305865855
ERR1539002	SAMEA3894921	sample_BCM_4932_YJS1315,YJM454_1b	Saccharomyces cerevisiae	OXFORD_NANOPORE	MinION	SINGLE	WGS	ftp.sra.ebi.ac.uk/vol1/fastq/ERR153/002/ERR1539002/ERR1539002.fastq.gz	1876a910b16c5edbabb29bc0fdbe2b4b	333713466
ERR1539024	SAMEA3895186	sample_BCM_4932_YJS555,CLIB630	Saccharomyces cerevisiae	OXFORD_NANOPORE	MinION	SINGLE	WGS	ftp.sra.ebi.ac.uk/vol1/fastq/ERR153/004/ERR1539024/ERR1539024.fastq.gz	61cda90324a007315646fadaba8a9167	66170009
ERR1539025	SAMEA3895186	sample_BCM_4932_YJS555,CLIB630	Saccharomyces cerevisiae	OXFORD_NANOPORE	MinION	SINGLE	WGS	ftp.sra.ebi.ac.uk/vol1/fastq/ERR153/005/ERR1539025/ERR1539025.fastq.gz	55c231cf45d8d4e9411b3e86e00c5021	782358818
ERR1539027	SAMEA3895227	sample_BCM_4932_OS_548	Saccharomyces cerevisiae	OXFORD_NANOPORE	MinION	SINGLE	WGS	ftp.sra.ebi.ac.uk/vol1/fastq/ERR153/007/ERR1539027/ERR1539027.fastq.gz	16088d167791901863d0d9c04c013259	741484382
ERR1539028	SAMEA3895227	sample_BCM_4932_OS_548	Saccharomyces cerevisiae	OXFORD_NANOPORE	MinION	SINGLE	WGS	ftp.sra.ebi.ac.uk/vol1/fastq/ERR153/008/ERR1539028/ERR1539028.fastq.gz	fe7c8b7bb6e0ce04bc36d6b571da3353	388659603
ERR1539043	SAMEA3895231	sample_BCM_4932_OS_558	Saccharomyces cerevisiae	OXFORD_NANOPORE	MinION	SINGLE	WGS	ftp.sra.ebi.ac.uk/vol1/fastq/ERR153/003/ERR1539043/ERR1539043.fastq.gz	0d97d37c5028e7985bb5a420a4d774b7	532077802
ERR1539053	SAMEA3895572	sample_BCM_4932_OS_1464	Saccharomyces cerevisiae	OXFORD_NANOPORE	MinION	SINGLE	WGS	ftp.sra.ebi.ac.uk/vol1/fastq/ERR153/003/ERR1539053/ERR1539053.fastq.gz	59f5a6e489ae61e611de26a82ec23ff6	1215289096
ERR1539076	SAMEA4075239	sample_BCM_4932_YJS4	Saccharomyces cerevisiae	OXFORD_NANOPORE	MinION	SINGLE	WGS	ftp.sra.ebi.ac.uk/vol1/fastq/ERR153/006/ERR1539076/ERR1539076.fastq.gz	c6ab89eb934ea1ed0839af1218da395b	514365369
ERR1539078	SAMEA4075239	sample_BCM_4932_YJS4	Saccharomyces cerevisiae	OXFORD_NANOPORE	MinION	SINGLE	WGS	ftp.sra.ebi.ac.uk/vol1/fastq/ERR153/008/ERR1539078/ERR1539078.fastq.gz	1181b6e2e1eedfcd1a9b0113770ec48a	114154974
ERR1539085	SAMEA4075239	sample_BCM_4932_YJS4	Saccharomyces cerevisiae	OXFORD_NANOPORE	MinION	SINGLE	WGS	ftp.sra.ebi.ac.uk/vol1/fastq/ERR153/005/ERR1539085/ERR1539085.fastq.gz	03cba13920953d850643006dcd370b64	433668407
ERR1527926	SAMEA3895227	sample_BCM_4932_OS_548	Saccharomyces cerevisiae	ILLUMINA	Illumina HiSeq 2000	PAIRED	WGS	ftp.sra.ebi.ac.uk/vol1/fastq/ERR152/006/ERR1527926/ERR1527926_1.fastq.gz;ftp.sra.ebi.ac.uk/vol1/fastq/ERR152/006/ERR1527926/ERR1527926_2.fastq.gz	1beddf4edc33a337a2366c8492710efe;6bd7cfaa3bc294decbf4f67bbb1474d1	1677187435;1693939425
ERR1527935	SAMEA3895070	sample_BCM_4932_OS_593	Saccharomyces cerevisiae	ILLUMINA	Illumina HiSeq 2000	PAIRED	WGS	ftp.sra.ebi.ac.uk/vol1/fastq/ERR152/005/ERR1527935/ERR1527935_1.fastq.gz;ftp.sra.ebi.ac.uk/vol1/fastq/ERR152/005/ERR1527935/ERR1527935_2.fastq.gz	70ebbde2702aa195cb8607fbbd2566c4;1f57b3768089434e6b43a86881bc3e01	1867870220;1878847009
ERR1527942	SAMEA3895281	sample_BCM_4932_OS_1060	Saccharomyces cerevisiae	ILLUMINA	Illumina HiSeq 2000	PAIRED	WGS	ftp.sra.ebi.ac.uk/vol1/fastq/ERR152/002/ERR1527942/ERR1527942_1.fastq.gz;ftp.sra.ebi.ac.uk/vol1/fastq/ERR152/002/ERR1527942/ERR1527942_2.fastq.gz	276ed900c9d7f23cebf811896b0c9108;698d219a06045fda2d05d03f612521f1	1571940965;1598783571
ERR1527944	SAMEA3895572	sample_BCM_4932_OS_1464	Saccharomyces cerevisiae	ILLUMINA	Illumina HiSeq 2000	PAIRED	WGS	ftp.sra.ebi.ac.uk/vol1/fastq/ERR152/004/ERR1527944/ERR1527944_1.fastq.gz;ftp.sra.ebi.ac.uk/vol1/fastq/ERR152/004/ERR1527944/ERR1527944_2.fastq.gz	78cd24fb4c1ddc7892bea9541f0ec4e5;c0ee79886f7035188313d368116a237a	1382966814;1417345038
ERR1527945	SAMEA3895205	sample_BCM_4932_YJS461,CECT10266	Saccharomyces cerevisiae	ILLUMINA	Illumina HiSeq 2000	PAIRED	WGS	ftp.sra.ebi.ac.uk/vol1/fastq/ERR152/005/ERR1527945/ERR1527945_1.fastq.gz;ftp.sra.ebi.ac.uk/vol1/fastq/ERR152/005/ERR1527945/ERR1527945_2.fastq.gz	e5d60c59f9fe20802d2d5d92dd2d1de1;91604e6ad1baf2a05a17da09f19a7b60	2702502813;2681093160
ERR1539015	SAMEA3894966	sample_BCM_4932_YJS1362,T73_1b	Saccharomyces cerevisiae	OXFORD_NANOPORE	MinION	SINGLE	WGS	ftp.sra.ebi.ac.uk/vol1/fastq/ERR153/005/ERR1539015/ERR1539015.fastq.gz	b314ecbb9e8e5c60ea515b773d434c9a	1127708230
ERR1539026	SAMEA3895205	sample_BCM_4932_YJS461,CECT10266	Saccharomyces cerevisiae	OXFORD_NANOPORE	MinION	SINGLE	WGS	ftp.sra.ebi.ac.uk/vol1/fastq/ERR153/006/ERR1539026/ERR1539026.fastq.gz	5ee1df9694407cc6dd00e89cb254a33e	1127237210
ERR1539029	SAMEA3895230	sample_BCM_4932_OS_555	Saccharomyces cerevisiae	OXFORD_NANOPORE	MinION	SINGLE	WGS	ftp.sra.ebi.ac.uk/vol1/fastq/ERR153/009/ERR1539029/ERR1539029.fastq.gz	3909a5b099cb7a2578e7008ea4ab5085	1340619699
ERR1539033	SAMEA3895231	sample_BCM_4932_OS_558	Saccharomyces cerevisiae	OXFORD_NANOPORE	MinION	SINGLE	WGS	ftp.sra.ebi.ac.uk/vol1/fastq/ERR153/003/ERR1539033/ERR1539033.fastq.gz	db4d4266343423f81792311aa338cff7	160118584
ERR1539042	SAMEA3895231	sample_BCM_4932_OS_558	Saccharomyces cerevisiae	OXFORD_NANOPORE	MinION	SINGLE	WGS	ftp.sra.ebi.ac.uk/vol1/fastq/ERR153/002/ERR1539042/ERR1539042.fastq.gz	85d114871db36ba56c4094e722b863b7	532291336
ERR1539047	SAMEA3895281	sample_BCM_4932_OS_1060	Saccharomyces cerevisiae	OXFORD_NANOPORE	MinION	SINGLE	WGS	ftp.sra.ebi.ac.uk/vol1/fastq/ERR153/007/ERR1539047/ERR1539047.fastq.gz	d4098767f1ec481195b56d402cec8c06	563136674
ERR1539048	SAMEA3895281	sample_BCM_4932_OS_1060	Saccharomyces cerevisiae	OXFORD_NANOPORE	MinION	SINGLE	WGS	ftp.sra.ebi.ac.uk/vol1/fastq/ERR153/008/ERR1539048/ERR1539048.fastq.gz	fa243f4970f9cb4b6dcdee12083ac256	443603393
ERR1539054	SAMEA3895618	sample_BCM_4932_YJS4736,GE14S01-7B	Saccharomyces cerevisiae	OXFORD_NANOPORE	MinION	SINGLE	WGS	ftp.sra.ebi.ac.uk/vol1/fastq/ERR153/004/ERR1539054/ERR1539054.fastq.gz	9f5358dd2712e9a183652b92fa224ad2	604435862
ERR1539055	SAMEA3895618	sample_BCM_4932_YJS4736,GE14S01-7B	Saccharomyces cerevisiae	OXFORD_NANOPORE	MinION	SINGLE	WGS	ftp.sra.ebi.ac.uk/vol1/fastq/ERR153/005/ERR1539055/ERR1539055.fastq.gz	961b7678ad97b29e79530449e9f50fef	579783841
ERR1539056	SAMEA3895618	sample_BCM_4932_YJS4736,GE14S01-7B	Saccharomyces cerevisiae	OXFORD_NANOPORE	MinION	SINGLE	WGS	ftp.sra.ebi.ac.uk/vol1/fastq/ERR153/006/ERR1539056/ERR1539056.fastq.gz	1f456f83b8d303b522e41029d4659fad	120998509
ERR1539064	SAMEA3895683	sample_BCM_4932_YJS5845,P11	Saccharomyces cerevisiae	OXFORD_NANOPORE	MinION	SINGLE	WGS	ftp.sra.ebi.ac.uk/vol1/fastq/ERR153/004/ERR1539064/ERR1539064.fastq.gz	16c5209e5fbff784b552806e93d2406d	40527410
ERR1539074	SAMEA4075239	sample_BCM_4932_YJS4	Saccharomyces cerevisiae	OXFORD_NANOPORE	MinION	SINGLE	WGS	ftp.sra.ebi.ac.uk/vol1/fastq/ERR153/004/ERR1539074/ERR1539074.fastq.gz	582e58038bf2bac97138d2664e6b730d	659812567
ERR1539077	SAMEA4075239	sample_BCM_4932_YJS4	Saccharomyces cerevisiae	OXFORD_NANOPORE	MinION	SINGLE	WGS	ftp.sra.ebi.ac.uk/vol1/fastq/ERR153/007/ERR1539077/ERR1539077.fastq.gz	ad993b008439e9289766d102d0d97432	433692289
